;;;;;;;;;;;;;;;;;
;MES 1 ;;;;MES 2;;;;;;;;;;;;
;"Semana 
1";"Semana 
2";"Semana 
3";"Semana 
4";"Semana 
5";"Semana 
6";"Semana 
7";"Semana 
8";;;;;;;;;
;T1 ;;;;T1 ;;;;;;;;;;;;
;T2;;;;T2;;;;;;;;;;;;
;;T3 ;T3 ;;;T3 ;T3 ;;;;;;;;;;
;;;T4;T4;;;T4;T4;;;;;;;;;
;;;;;;;;;;;;;;;;;
;MES 3;;;;MES 4;;;;;;;;;;;;
;"Semana 
9";"Semana 
10";"Semana 
11";"Semana 
12";"Semana 
13";"Semana 
14";"Semana 
15";"Semana 
16";;;;;;;;;
;T1 ;;;;T1 ;;;;;;;;;;;;
;T2;;;;T2;;;;;;;;;;;;
;;T3 ;T3 ;;;T3 ;T3 ;;;;;;;;;;
;;;T4;T4;;;T4;T4;;;;;;;;;
;;;;;;;;;;;;;;;;;
;;;;;;;;;;;;;;;;;
